CompanyName;Verification.Method
1WorldSync, Inc.;Self-Assessment
20/20 Software, Inc.;Self-Assessment
20|20 Research;Self-Assessment
23andMe, Inc.;TRUSTe
24/7 Customer, Inc.;TRUSTe
250ok LLC;Self-Assessment
2sms.com Limited;TRUSTe
3Cinteractive Corp;TRUSTe
3D Systems Corporation;Self-Assessment
3E Company;Self-Assessment
411Labs, Inc;Self-Assessment
4f Sales;TRUSTe
6sense;Self-Assessment
81qd LLC;Self-Assessment
8x8, INC.;Self-Assessment
99Designs;TRUSTe
A-Check Global;Self-Assessment
A.T. Kearney;Self-Assessment
A2 Hosting, Inc.;Self-Assessment
ABB;Self-Assessment
ABC-Amega, Inc.;Self-Assessment
ACA Compliance Group;Self-Assessment
Accertify, Inc.;Self-Assessment
Accesso LLC;TRUSTe
ACCO Brands Corp.;Self-Assessment
Accruent, LLC;TRUSTe
Accurate Background;Self-Assessment
ACCURATE INFORMATION SYSTEMS, LLC;Self-Assessment
ACE Software Solutions;TRUSTe
Achievers;Self-Assessment
ACI Worldwide;TRUSTe
Acquia Inc.;Self-Assessment
Act-On Software;TRUSTe
Action Verb LLC;Self-Assessment
ActionIQ, Inc.;Self-Assessment
Active Internet Technologies, LLC (DBA Finalsite);TRUSTe
Active Media Services, Inc.;TRUSTe
Active Network, LLC;TRUSTe
ActiveCampaign, Inc.;Self-Assessment
ACTON International, Ltd;Self-Assessment
acturus;Self-Assessment
Acumen Solutions;TRUSTe
Acupay System LLC;Self-Assessment
Acurian;TRUSTe
Acxiom Corporation;Self-Assessment
Adaptive Insights;Outside Compliance Review
ADARA, Inc.;TRUSTe
Adelphi Communications;Self-Assessment
Adelphi Research;Self-Assessment
Adelphi Values;Self-Assessment
Adelphic, Inc.;Self-Assessment
Adicio, Inc.;TRUSTe
Adobe Systems Incorporated;Self-Assessment
Advanced Brain Monitoring Inc;Self-Assessment
Advanced Discovery Inc.;Self-Assessment
Advanced Health Media, LLC;Self-Assessment
Advanced Partnerships LLC;Self-Assessment
Advanced Personnel Systems Inc;Self-Assessment
Advantage Opco, LLC d/b/a Advantage Rent A Car;Self-Assessment
Advicent Solutions, LP;Self-Assessment
AECOM;Self-Assessment
Aegion Corporation;Self-Assessment
Affectiva;Self-Assessment
Afiniti;TRUSTe
After, Inc.;Self-Assessment
Afton Chemical Corporation;Self-Assessment
AGCO Corporation;Self-Assessment
AgeCheq, Inc. d/b/a PrivacyCheq;Self-Assessment
Agent.ai;Self-Assessment
Aha! Labs Inc;Self-Assessment
AiCure;Self-Assessment
AIR Worldwide Corporation;Self-Assessment
Airbiquity Inc.;Self-Assessment
Airbnb, Inc.;Self-Assessment
AIReS;Self-Assessment
Airpush, Inc.;Self-Assessment
Akamai Technologies, Inc.;Self-Assessment
Alanda LLC;Self-Assessment
Alarm.com Incorporated (“Alarm.com”);Self-Assessment
Alchemy Systems;TRUSTe
Alcoa Corporation;Self-Assessment
Alert Media, Inc.;Self-Assessment
AlienVault;Self-Assessment
Alimera Sciences;Self-Assessment
Alipes CME, Inc.;TRUSTe
AlixPartners, LLP;Self-Assessment
Allegis Group, Inc.;Self-Assessment
Allen, Maxwell & Silver, Inc.;Self-Assessment
ALLENDEVAUX & COMPANY LLC;Self-Assessment
Allergan plc;Self-Assessment
Alliance DNA Laboratory;Self-Assessment
ALOM;Self-Assessment
Alooma Inc;Self-Assessment
AlphaImpactRx;TRUSTe
Alpine Access, Inc.;Self-Assessment
Alpine Testing Solutions;Self-Assessment
Alta Resources;Self-Assessment
Altair Engineering, Inc.;Self-Assessment
Altep, Inc.;Self-Assessment
Altum, Inc.;Self-Assessment
Amadeus Hospitality Americas, Inc.;TRUSTe
Amazon.com, Inc.;Self-Assessment
Amber Road;Self-Assessment
Ambra Health;Self-Assessment
American Benefits Consulting, LLC;Outside Compliance Review
American DataBank LLC;Self-Assessment
American Escrow and Closing;Self-Assessment
American Greetings Corporation;Self-Assessment
Amerisearch Background Alliance;Self-Assessment
Amperity.com;Self-Assessment
Amplifinity;Self-Assessment
Amplify Snack Brands, Inc.;Self-Assessment
Amy Herzog Designs;Self-Assessment
Anasight, Inc.;Self-Assessment
ANCILE Solutions, Inc.;Self-Assessment
Anki, Inc;TRUSTe
Annik Inc;Self-Assessment
Anritsu Company;TRUSTe
AP Wireless Infrastructure Partners, LLC;Self-Assessment
APCO Worldwide Inc.;Self-Assessment
Aperian Global, Inc.;TRUSTe
Aperio CI;Self-Assessment
APEX Analytix, LLC;Self-Assessment
Apifia, Inc. dba Mavrck;Self-Assessment
Apmetrix, Inc.;Self-Assessment
Apollo Digital Ads;Self-Assessment
Apollo Education Group, Inc., Apollo Global, Inc. and their affiliates;Self-Assessment
App Annie;Self-Assessment
Appextremes, LLC, dba Conga;Outside Compliance Review
Appian Corporation;Self-Assessment
Applause App Quality, Inc.;Self-Assessment
Applicable Technology Inc.;Self-Assessment
Applications International Corporation;Self-Assessment
AppLovin Corp.;Self-Assessment
AppNexus;Self-Assessment
Appsembler;Self-Assessment
AppsFlyer Inc;Self-Assessment
Apptentive, Inc.;Outside Compliance Review
Appthority;TRUSTe
Apptio, Inc.;Self-Assessment
Apptix, Inc.;Self-Assessment
AppVault, LLC;TRUSTe
APTARE, Inc;TRUSTe
Aptible, Inc.;Self-Assessment
Aquent LLC;Self-Assessment
AR RF/Microwave Instrumentation;TRUSTe
ArbiterSports LLC;Self-Assessment
Arconic Inc.;Self-Assessment
AreaMetrics;TRUSTe
Arena Solutions, Inc.;TRUSTe
Argus Information & Advisory Services LLC;Self-Assessment
Aria Systems, Inc.;Outside Compliance Review
Aries Systems Corporation;Self-Assessment
ARISTOTLE INTERNATIONAL, INC.;Self-Assessment
arivis, Inc.;Self-Assessment
Armor Defense Inc.;TRUSTe
Arrayent Inc;TRUSTe
Arrow Electronics, Inc.;Self-Assessment
Art.sy, Inc.;Self-Assessment
Arthrex, Inc.;Self-Assessment
Articulate Global, Inc.;Self-Assessment
Asana, Inc.;Self-Assessment
ASC Services, LLC;Self-Assessment
AscendantFX Capital USA, Inc.;Self-Assessment
Ascendify;Self-Assessment
Asendia USA;Self-Assessment
Asentinel;Self-Assessment
ASG Technologies Group, Inc.;Self-Assessment
Ashfield Healthcare Communications, LLC;Self-Assessment
Ashfield Healthcare, LLC;Self-Assessment
Ashfield Meetings & Events, Inc.;Self-Assessment
Ashfield Pharmacovigilance, Inc.;Self-Assessment
ASPEN Grove Solutions;Self-Assessment
Assessment+;Self-Assessment
Assessments 24x7 LLC;Self-Assessment
AssureSign, LLC;Self-Assessment
Astute Solutions;Self-Assessment
Atlassian PTY Ltd;Self-Assessment
ATPI;Self-Assessment
Audience Science, Inc;Self-Assessment
AudiencePoint, Inc;Self-Assessment
Aurea Software, Inc.;Self-Assessment
Aurico Reports, LLC;Self-Assessment
Auth0 Inc.;Self-Assessment
Autodesk, Inc.;Self-Assessment
Automated Insights, Inc.;Self-Assessment
Automattic Inc.;Self-Assessment
Avalution Consulting LLC;Self-Assessment
AVANGATE;Self-Assessment
Avantor Performance Materials, Inc.;Self-Assessment
Avature Limited;Self-Assessment
Avention, Inc.;Self-Assessment
AvePoint, Inc.;Self-Assessment
Avetta, LLC;Self-Assessment
Aviata Inc;Self-Assessment
Avon Products, Inc.;Self-Assessment
AWeber Systems, Inc;TRUSTe
AWP USA Inc. (and subsidiaries);Self-Assessment
Axialent USA LLC;Self-Assessment
Axiom Global Inc;Self-Assessment
AXS;TRUSTe
Ayasdi, Inc.;Self-Assessment
B&H Photo Video;Self-Assessment
Babcock & Wilcox Enterprises Inc.;Self-Assessment
Backgrounds Online;Self-Assessment
Backstop Solutions Group, LLC;TRUSTe
Badger Meter, Inc.;Self-Assessment
BAE Systems Applied Intelligence US Corp.;Outside Compliance Review
Baker Tilly Virchow Krause, LLP;Outside Compliance Review
Balboa Travel;Self-Assessment
Ball Corporation;Self-Assessment
Bamboo HR LLC;Self-Assessment
Bancroft Technology Group Inc.;Self-Assessment
Barnes Group Inc.;Self-Assessment
Barrett Values Centre LLC;Self-Assessment
barrington medical recycling llc;Self-Assessment
Basecamp, LLC.;Self-Assessment
BaseHealth, Inc;Outside Compliance Review
BASi;Self-Assessment
Bauer Xcel Media;Self-Assessment
Baxter International Inc.;TRUSTe
Bazaarvoice, Inc.;Self-Assessment
BBDO Worldwide Inc.;Self-Assessment
BCMS Corporate LLC;Self-Assessment
BeaconsInSpace, Inc;Self-Assessment
Beamery;Self-Assessment
Beatty Group;Self-Assessment
Beaver-Visitec International Holdings, Inc.;Self-Assessment
Bedrock Data, Inc.;Self-Assessment
BeeswaxIO Corporation;Self-Assessment
Belden Inc.;Self-Assessment
Benchmark Internet Group;TRUSTe
BenchPrep;Self-Assessment
Benefit Plan Services LLC;TRUSTe
Bentley Systems, Incorporated;Self-Assessment
beqom;Self-Assessment
Berlitz Languages, Inc.;Self-Assessment
Berry Appleman & Leiden LLP;TRUSTe
Best Western International, Inc.;Self-Assessment
Bettercloud Inc.;TRUSTe
BetterWorks Systems, Inc.;Self-Assessment
Big Fish Games, Inc.;Self-Assessment
Big Health;Outside Compliance Review
BigCommerce;Self-Assessment
Bigger Benefits, LLC;Self-Assessment
BigPulse, Inc.;TRUSTe
Bio-Optronics, Inc.;Self-Assessment
Bioclinica, Inc.;Self-Assessment
BioFortis, Inc.;Self-Assessment
Biomedical Systems, Inc.;Self-Assessment
BioPet Vet Lab DBA BioPet Laboratories;Outside Compliance Review
BioStat Solutions, Inc.;Self-Assessment
BioVid Corp.;Self-Assessment
Birkman International, Inc.;Self-Assessment
Birst;TRUSTe
Bitglass Inc.;Self-Assessment
Bitium, Inc.;Self-Assessment
BitSight Technologies, Inc.;Self-Assessment
BitTitan, Inc.;Self-Assessment
Bizible Inc.;TRUSTe
Blackbaud, Inc.;Self-Assessment
Blackboard Inc.;Self-Assessment
BLACKHAWK NETWORK HOLDINGS, INC;TRUSTe
BlackLine Systems, Inc.;Self-Assessment
BlackMesh;Self-Assessment
Blount International, Inc.;Self-Assessment
Blue Bite;Self-Assessment
Blue Hill Data Services;TRUSTe
Blue Jeans Network, Inc.;Self-Assessment
Blue Marble Payroll LLC;Self-Assessment
Blue Nile, Inc.;Self-Assessment
Blue Ocean Enterprises;TRUSTe
Blue Ribbon Technologies;Self-Assessment
BlueBridge Networks;Self-Assessment
Bluelock, LLC;Self-Assessment
Blueshift Labs, Inc.;TRUSTe
BlueSnap Inc,.;Self-Assessment
Blurb, Inc.;TRUSTe
BoardEffect, LLC;TRUSTe
Bodybuilding.com, LLC;Self-Assessment
Bold Financial Technologies;TRUSTe
Bomgar Corporation;TRUSTe
Bond International Software, Inc;TRUSTe
Borderfree, Inc.;TRUSTe
Boston Scientific Corporation;Self-Assessment
BountyJobs, Inc.;Self-Assessment
Box, Inc.;TRUSTe
BPA Worldwide;Self-Assessment
Bracket;Self-Assessment
Brainier;TRUSTe
BrainPOP LLC;Outside Compliance Review
Brainshark, Inc.;TRUSTe
Branch Metrics, Inc.;Self-Assessment
Brand Access, LLC;Self-Assessment
Brand Energy and Infrastructure Services, Inc.;Self-Assessment
Brand Institute;Self-Assessment
Branded Research, Inc.;Self-Assessment
BRE America;Self-Assessment
Breezy HR;Self-Assessment
Brierley+Partners;TRUSTe
Brighterion, Inc;Self-Assessment
Brillium, Inc.;TRUSTe
BriteVerify;TRUSTe
Brivo Systems, LLC;Self-Assessment
Brookfield Global Relocation Services;Self-Assessment
Brother International Corporation;TRUSTe
BROWZ LLC;Self-Assessment
Brushfire;Self-Assessment
Building Robotics, Inc.;Self-Assessment
BuildingLink.com, LLC;Self-Assessment
Built Games LLC;Self-Assessment
Bullhorn, Inc.;TRUSTe
Burble Software Company, LLC;Self-Assessment
Burke, Inc.;Self-Assessment
Business Intelligence Associates, Inc.;Self-Assessment
Business Software, Inc.;TRUSTe
Button, Inc.;Self-Assessment
BuzzBoard, Inc.;Self-Assessment
Bytemark, Inc.;Self-Assessment
C Space;Self-Assessment
C2FO;Self-Assessment
C2M LLC;Self-Assessment
C3 Intelligence Inc.;Self-Assessment
CA Technologies;Self-Assessment
California Cryobank;Self-Assessment
CallidusCloud;Self-Assessment
Cambia Information Group, LLC;Self-Assessment
Cambria Consulting, Inc.;Self-Assessment
Cambridge Analytica;Self-Assessment
Canfield Scientific, Inc.;Self-Assessment
Cantel Medical Corp.;Self-Assessment
Capital Confirmation Inc.;TRUSTe
Capital Novus;Self-Assessment
Caplinked;Self-Assessment
Capriza, Inc.;Self-Assessment
Captricity, Inc.;Self-Assessment
CaptureProof, Inc;Self-Assessment
Caradigm USA, L.L.C.;Self-Assessment
Carbonite, Inc.;Self-Assessment
CARCO Group, Inc.;Self-Assessment
Cardinal Intellectual Property;Self-Assessment
Care2;Self-Assessment
Career Partners International LLC;Self-Assessment
CareSpeak Communications, Inc.;Self-Assessment
Carlson Hotels, Inc.;Self-Assessment
Carr Engineering, Inc.;Self-Assessment
CARTO;Self-Assessment
Cartus Corporation;Self-Assessment
CASAHL Technology, Inc;Self-Assessment
CASCO International, Inc. dba C.A. Short Company;Self-Assessment
Casepoint, LLC;Self-Assessment
Casper;Self-Assessment
Cass Information Systems;Self-Assessment
Catalyst Repository Systems, Inc.;Self-Assessment
Cautela Labs;Self-Assessment
CDK Global;Self-Assessment
CEB;Self-Assessment
Cedexis, Inc.;Self-Assessment
Celergo LLC;Self-Assessment
Celldex Therapeutics, Inc.;Self-Assessment
Cendyn;TRUSTe
Centrify Corporation;TRUSTe
Cercacor Laboratories, Inc.;TRUSTe
Cerenade;Self-Assessment
Cerida Investments Corporation d/b/a Call Center Services;Self-Assessment
Ceridian HCM, Inc.;Self-Assessment
Cerner Corporation;Self-Assessment
Certain Inc;TRUSTe
Certent, Inc.;Self-Assessment
Certified Languages International;Self-Assessment
Certify, Inc.;TRUSTe
CFI Group USA, LLC;Self-Assessment
CH2M;Self-Assessment
Chadwick Martin Bailey;Self-Assessment
Changepoint;Self-Assessment
ChannelAdvisor Corporation;Self-Assessment
Chargebee Inc;TRUSTe
Chargify, LLC;Outside Compliance Review
Charles River Development, Inc.;Self-Assessment
Charles Schwab Stock Plan Services;Self-Assessment
Chartbeat, Inc.;Self-Assessment
Chartio;Self-Assessment
Chassix, Inc.;Self-Assessment
Chatham Financial Corp.;Self-Assessment
Cherwell Software, LLC;Self-Assessment
Chiasma, Inc.;Self-Assessment
Chorus Consulting LLC;Self-Assessment
Chromatography Research Supplies, Inc;Self-Assessment
Chrome RIver Technologies;Self-Assessment
Cielo Management Consulting, LLC;Self-Assessment
CIMdata, Inc.;Self-Assessment
Circle Internet Financial, Inc.;Self-Assessment
Circulus, LLC;TRUSTe
Cirrity LLC;TRUSTe
Cirruspath Inc.;Self-Assessment
Cisco Systems, Inc.;TRUSTe
CitiusTech Inc.;Self-Assessment
Citrix Systems, Inc.;Self-Assessment
Civis Analytics, Inc.;Self-Assessment
Clarabridge, Inc. and its wholly owned subsidiary, Market Metrix, a Clarabridge;Self-Assessment
Clari Inc.;TRUSTe
Clarion Research Inc.;Self-Assessment
Clarus Commerce, LLC;Self-Assessment
Class Twist, Inc. d/b/a ClassDojo;TRUSTe
Clearbit;Self-Assessment
ClearDATA;Self-Assessment
Clearslide;TRUSTe
ClearStar, Inc;Self-Assessment
Clearwater Analytics;Self-Assessment
Clementia Pharmaceuticals USA Inc.;Self-Assessment
Cleveland Medical Devices Inc;Self-Assessment
Click Sales Inc.;TRUSTe
ClickDimensions LLC;Self-Assessment
ClickFox, Inc.;Self-Assessment
ClickTime;Self-Assessment
Clifton Myers Enterprises Inc.;Self-Assessment
Clinical Computing;Self-Assessment
Clinical Ink;Self-Assessment
Clinical Trial Media, Inc.;Self-Assessment
Clinipace, Inc.;Self-Assessment
Clipcentric, Inc.;Self-Assessment
Cloud4wi Inc.;Self-Assessment
Cloudability, Inc.;Self-Assessment
Cloudera, Inc.;TRUSTe
Cloudflare, Inc.;Self-Assessment
CloudHealth Technologies, Inc.;Self-Assessment
Cloudinary;Self-Assessment
Cloudmark, Inc.;TRUSTe
CloudMine, Inc.;Self-Assessment
CloudNine;Self-Assessment
Cmed Inc;Self-Assessment
CNH Industrial America LLC;Self-Assessment
CoachLogix;Self-Assessment
Cobalt Solutions, Inc.;Self-Assessment
Code42 Software, Inc.;TRUSTe
Cogeco Peer 1;Self-Assessment
Coherent Inc.;Self-Assessment
Collaborative Solutions, LLC;Self-Assessment
Collective, Inc.;TRUSTe
Collette Travel Services Inc;Self-Assessment
Colpitts World Travel;Self-Assessment
Column Technologies, Inc.;TRUSTe
Commerce Technologies, LLC dba CommerceHub;Self-Assessment
Commercial Services Group;Self-Assessment
CommercialTribe;TRUSTe
Complete Discovery Source, Inc.;Self-Assessment
Compliance Discovery Solutions;Self-Assessment
Compliance Science, Inc.;Self-Assessment
ComplySci;Self-Assessment
Comprehend Systems;Self-Assessment
CompSight, LLC;Self-Assessment
CompuCom Systems, Inc.;Self-Assessment
Computer Services Inc. (CSI);Self-Assessment
Comsim Inc;Self-Assessment
Comview Corporation;Self-Assessment
Concerto Cloud Services LLC;Self-Assessment
Concord III LLC;Self-Assessment
Conenza, Inc;Self-Assessment
ConeXware, Inc.;Self-Assessment
Confide;Self-Assessment
Configio;Self-Assessment
Confirmit, Inc. and its wholly owned subsidiary CustomerSat.com, Inc.;TRUSTe
ConnectYard Inc.;Self-Assessment
Consolidated Data Services;Self-Assessment
Constant Contact Inc;TRUSTe
Contegix, LLC;TRUSTe
ContextSmith, Inc.;Self-Assessment
ContractRoom;Self-Assessment
Control4 Corporation;Self-Assessment
Convercent;TRUSTe
Converseon, Inc;Self-Assessment
Conversocial Inc.;Self-Assessment
Converus, Inc.;Self-Assessment
Cook MyoSite, Incorporated;Self-Assessment
Cook Research Incorporated;Self-Assessment
Copyright Clearance Center, Inc.;Self-Assessment
Corax Cyber Security Inc.;Self-Assessment
Cordium;TRUSTe
Core Services Corporation;Self-Assessment
CORE Transport Technologies, Inc.;Self-Assessment
Coresecure, Inc;Self-Assessment
Corios LLC;Self-Assessment
Cornerstone OnDemand Inc.;Self-Assessment
Cornerstone Relocation Group;TRUSTe
Corporate Intelligence Consultants Inc;Self-Assessment
Corporate Screening;Self-Assessment
Corporate Travel Management North America Inc.;Self-Assessment
Corporation Service Company;Self-Assessment
Corptax, Inc.;Self-Assessment
Cortera, Inc.;Self-Assessment
Cost & Compliance Associates;Self-Assessment
Couchsurfing International Inc.;Self-Assessment
Coursera;Self-Assessment
Coveo;Self-Assessment
CPA Global;Self-Assessment
CPP, Inc.;Self-Assessment
CQR Inc;Self-Assessment
CRA Assessments;Self-Assessment
Crane Co.;Self-Assessment
Crashlytics, Inc.;Self-Assessment
Crate.io Inc.;Outside Compliance Review
Crater Group Co.;Self-Assessment
Creative Services, Inc.;Self-Assessment
Credit Solutions International Co;Self-Assessment
CRF Inc;Self-Assessment
CRITERIA CORP;Self-Assessment
Critical Mix;Self-Assessment
Critical Research, Inc.;Self-Assessment
CrossCountry-Consulting;Outside Compliance Review
CrowdStrike;TRUSTe
Crowley Webb And Associates, Inc.;TRUSTe
Crown Worldwide Group;Self-Assessment
CSG International;Self-Assessment
CSG Media LLC;Self-Assessment
CSIdentity Corporation;TRUSTe
CSR Professional Services, Inc.;Self-Assessment
CSS Inc.;Self-Assessment
CTSDatabase;TRUSTe
Culinary Agents, Inc;Self-Assessment
Cultivist Inc.;Self-Assessment
Curo Group Holdings Corp.;Self-Assessment
CustomInsight, LLC;Self-Assessment
Cybercon;Self-Assessment
CyberGrants LLC;Self-Assessment
CYBERSCOUT;Self-Assessment
Cylance Inc.;TRUSTe
CyrusOne LLC;TRUSTe
D4 LLC;Self-Assessment
Daniel J. Edelman Holdings, Inc.;Self-Assessment
Dante Labs Inc.;Self-Assessment
Data Intensity, LLC;Self-Assessment
Data Services, Inc.;Self-Assessment
Data Solutions International, Inc.;Self-Assessment
Data2Logistics, LLC;TRUSTe
Database Integrations;Self-Assessment
DATABASICS, Inc.;TRUSTe
Datadog, Inc.;TRUSTe
DataGravity;Self-Assessment
Datalex;Self-Assessment
Datameer Inc;Self-Assessment
Datanyze, Inc.;TRUSTe
Datapipe, Inc.;Self-Assessment
DataStar, Inc.;Self-Assessment
DATATRAK International Inc.;Self-Assessment
DataXu, Inc.;Self-Assessment
Datorama;Self-Assessment
DCR Workforce Inc.;Self-Assessment
DDB Worldwide Communications Group Inc.;Self-Assessment
DDC;Self-Assessment
DDi;Self-Assessment
DDS;Self-Assessment
Decision Analyst, Inc.;Self-Assessment
DecisionWise, LLC;Self-Assessment
Defined Benefit Services, LLC;Self-Assessment
Deloitte LLP;Self-Assessment
Deloitte Touche Tohmatsu Services, Inc;Self-Assessment
Development Dimensions International;Outside Compliance Review
Dexcom, Inc.;Self-Assessment
DHI Group, Inc.;TRUSTe
DHISCO, Inc.;Self-Assessment
DialogTech, Inc.;Self-Assessment
Diamond Resorts Corporation;Self-Assessment
DigiCert, Inc.;TRUSTe
DigiPen Institute of Technology;Self-Assessment
Digital Measures, LLC;Self-Assessment
Digital Mountain, Inc.;Self-Assessment
DigitalOcean;Self-Assessment
Digitech Systems, LLC;Self-Assessment
Diligent Corporation;TRUSTe
Dillistone Systems;Self-Assessment
Dimension Data CLM (Xigo LLC);Self-Assessment
Direct Services Miami, Inc.;Self-Assessment
Directions Research, Inc.;Self-Assessment
DISA Global Solutions Inc;Self-Assessment
DiscoverReady LLC;Self-Assessment
Discuss.io;Self-Assessment
Disruptor Beam;TRUSTe
DiveShop360;Self-Assessment
Dixon Hughes Goodman LLP;Self-Assessment
DLVR, Inc.;Self-Assessment
DNAnexus, Inc.;Montebello Partners
Docebo NA, Inc.;TRUSTe
doeLEGAL, Inc.;Self-Assessment
Domino’s Pizza LLC;Self-Assessment
Domo, Inc.;Self-Assessment
dotmailer;Self-Assessment
Dovetail Software;Self-Assessment
Drift.com, Inc.;Self-Assessment
Driscoll's, Inc.;Self-Assessment
DriveSavers Inc.;Self-Assessment
Dropbox, Inc.;Self-Assessment
DrugDev Inc;Self-Assessment
Druva Inc.;TRUSTe
dscout, inc.;Self-Assessment
dstillery, Inc.;Self-Assessment
Duda, Inc.;Self-Assessment
Duff & Phelps LLC;Self-Assessment
Dufl, Inc;Self-Assessment
Dun & Bradstreet;Self-Assessment
DVX, LLC;Self-Assessment
Dwellworks, LLC;Self-Assessment
Dynamic Network Services, Inc.;Self-Assessment
Dynamic Yield;Self-Assessment
Dynamo Software, Inc.;Self-Assessment
E-Fraud Security, LLC;Self-Assessment
E2open, LLC;Self-Assessment
Easy Insight LLC;Self-Assessment
EasyMark LLC dba Digital Discovery;Self-Assessment
Eaton Corporation;Self-Assessment
EBI Inc;Self-Assessment
EBSCO Industries, Inc.;Self-Assessment
Echo360;Self-Assessment
EchoSpan, Inc.;Self-Assessment
Ecolab Inc.;Self-Assessment
EcoMetrix Solutions Group, LLC;Self-Assessment
eCompanyStore, LLC;Self-Assessment
EcoVadis Inc.;Self-Assessment
Ecwid Inc.;Self-Assessment
Edge Hosting, LLC;Self-Assessment
Edgewell Personal Care Company;Self-Assessment
Edmodo;Self-Assessment
EduNeering Holdings, Inc.;Self-Assessment
EduTone Corporation;Self-Assessment
Edwards Lifesciences;Self-Assessment
eePulse, Inc.;Self-Assessment
eGain Corporation;TRUSTe
Egencia LLC (NV);Self-Assessment
Egenera Inc.;Self-Assessment
Egnyte, Inc.;TRUSTe
eGym, Inc.;Self-Assessment
EJ2 Communications, Inc.;Self-Assessment
Electronic Arts Inc.;TRUSTe
Electronic Theatre Controls, Inc.;Self-Assessment
Element Six;Self-Assessment
Elementum;Self-Assessment
Elemica, Inc.;Self-Assessment
Eli Lilly and Company;Self-Assessment
Elijah LTD;Self-Assessment
Ellucian Company L.P.;Self-Assessment
eMag Solutions, LLC;Self-Assessment
Emailage Corp.;Self-Assessment
EmailOpen;Self-Assessment
Emergenetics International;Self-Assessment
EmeSec;Self-Assessment
EML Payments USA, LLC;Self-Assessment
Emma, Inc;Self-Assessment
EmpiriStat, Inc.;Self-Assessment
Employment Screening Resources;Self-Assessment
Employment Screening Services, Inc.;Self-Assessment
Endeavor DNA, Inc.;Self-Assessment
ENDPOINT CLINICAL INC.;Self-Assessment
EnerNOC, Inc.;Self-Assessment
eNeura Inc.;Self-Assessment
ENFOS, Inc.;Self-Assessment
Engaged MD, LLC;Self-Assessment
Ensono;Self-Assessment
ENTANDO INC.;Self-Assessment
Enterprise Health;Self-Assessment
Enterprise Holdings, Inc.;TRUSTe
Entertainment Partners;TRUSTe
Envision Pharma Group;Self-Assessment
ePath Learning, Inc.;Self-Assessment
Epignosis LLC;Self-Assessment
Epiq Systems, Inc.;Self-Assessment
EPM Live, Inc.;Self-Assessment
Epoch.com, LLC;Self-Assessment
Equus Software, LLC.;Self-Assessment
Erebus LLC;Self-Assessment
eReinsure.com, Inc.;Self-Assessment
ErgMAPS Inc;Self-Assessment
Ernst & Young LLP;Self-Assessment
ERT;Self-Assessment
ESET, LLC;Self-Assessment
Esker, Inc.;Self-Assessment
Esri;TRUSTe
Etix, Inc.;Self-Assessment
Etleap;Self-Assessment
Etouches;Self-Assessment
EtQ Management Consultants, Inc.;Outside Compliance Review
eTrigue Corporation;Self-Assessment
Euclid Analytics;Self-Assessment
Eventbrite, Inc.;Self-Assessment
Everbridge, Inc.;Self-Assessment
Everbrite LLC;Self-Assessment
Everest Clinical Research Corporation;Self-Assessment
Evergage;Self-Assessment
eVerge Group, LLC;Self-Assessment
EVERI Holding Inc;Self-Assessment
Everwise Corporation;Self-Assessment
Everyone Counts;Self-Assessment
Evocatus, Inc. d/b/a SnapHop;Self-Assessment
Evolver, Inc.;Self-Assessment
ExamSoft Worldwide, Inc.;Self-Assessment
ExaVault, Inc.;Self-Assessment
Excerpta Medica;Self-Assessment
Exclusive Resorts, LLC;Self-Assessment
Exco InTouch Inc;Self-Assessment
Exiger LLC and Exiger Diligence, Inc.;Self-Assessment
EXP Systems LLC;Self-Assessment
Expected Behavior;Self-Assessment
Expedient;Self-Assessment
Expensify, Inc.;TRUSTe
Experticity, Inc.;Self-Assessment
Experts Exchange, LLC;Self-Assessment
Expertus Inc;Self-Assessment
Explain Everything, Inc.;Self-Assessment
Exponential;Self-Assessment
Extole, Inc.;TRUSTe
Eze Castle Integration, Inc.;Self-Assessment
EZFacility;TRUSTe
Facebook, Inc.;Self-Assessment
Factual, Inc.;Self-Assessment
Fair Isaac Corporation, dba FICO;Self-Assessment
FARIA SYSTEMS INC;Self-Assessment
FARO Techologies, Inc.;Self-Assessment
Fastly, Inc.;TRUSTe
FCA US LLC;Self-Assessment
Federal-Mogul Corporation;Self-Assessment
Fellowes, Inc.;Self-Assessment
Fidelity Information Services (FIS);Self-Assessment
Fiducia Global Solutions LLC;Self-Assessment
Filestack, Inc.;Self-Assessment
Finsight Group, Inc.;Self-Assessment
Fireeye, Inc.;Self-Assessment
First Advantage Corporation;Self-Assessment
First Associates Loan Servicing, LLC;Self-Assessment
First Choice Background Screening;Self-Assessment
First Orion, Inc.;Self-Assessment
FirstKey Mortgage, LLC;TRUSTe
Fitbit, Inc.;Self-Assessment
Fleetsmith;Self-Assessment
FleishmanHillard;Self-Assessment
Flexera Software;TRUSTe
Flight Centre Travel Group (USA) Inc - Corporate Brands;Self-Assessment
FlightStats, Inc.;Self-Assessment
Flow Commerce inc;Self-Assessment
FlyData, Inc;Self-Assessment
FLYR INC.;Self-Assessment
FM:Systems, Inc.;TRUSTe
FMYI, Inc.;Self-Assessment
FOCUSVISION;Self-Assessment
FogLogic;Self-Assessment
Food52;Self-Assessment
Foot Locker, Inc.;Self-Assessment
Footmarks, Inc.;Self-Assessment
Forbes Media LLC;TRUSTe
Force 5;Self-Assessment
Forcepoint LLC;Self-Assessment
ForeSee Results, Inc.;Self-Assessment
Foresight Group International A.G.;Self-Assessment
ForeSoft Corp.;Self-Assessment
Formsite.com;Self-Assessment
Fort Hill Company;Self-Assessment
Fossil Group;Self-Assessment
Foundation Medicine, Inc.;Self-Assessment
Foxpass;Self-Assessment
Fpweb.net;Self-Assessment
Franchise World Headquaters, LLC ("FWH");Self-Assessment
Frank Recruitment Group Inc;Self-Assessment
Franklin Covey;Self-Assessment
Freeport-McMoRan Inc.;Self-Assessment
FreeWheel Media, Inc.;TRUSTe
FrescoData;Self-Assessment
Freshdesk, Inc.;TRUSTe
Freudenberg IT LP;Outside Compliance Review
FrontApp, Inc;Self-Assessment
FTI Consulting, Inc.;Self-Assessment
FullContact;Self-Assessment
Fullpower Technologies, Inc.;Outside Compliance Review
FullStory, Inc.;Self-Assessment
Funai Corporation, Inc.;Self-Assessment
Funambol, Inc.;Self-Assessment
Functional Software Inc. (Sentry);Self-Assessment
Future Simple Inc.;TRUSTe
G2 Web Services, LLC.;Self-Assessment
G4S Technology Software Solutions LLC;Outside Compliance Review
GaggleAMP Inc.;Self-Assessment
Gainsight Inc;Self-Assessment
Gallivan Gallivan & O'Melia LLC;Self-Assessment
Gallup, Inc.;Self-Assessment
Gamelocker, Inc.;Self-Assessment
GDM Services;Self-Assessment
GE Medical Systems, Ultrasound & Primary Care Diagnostics LLC;Self-Assessment
Gene by Gene, Ltd.;Self-Assessment
General Assembly;Self-Assessment
General Cable Corporation;Self-Assessment
General Dynamics Information Technology, Inc.;Self-Assessment
Genius SIS, Inc.;Self-Assessment
Genomic Health, Inc.;Self-Assessment
Gensuite LLC;Self-Assessment
Get the World Moving;Outside Compliance Review
GetGo, Inc.;TRUSTe
Getty Images, Inc.;Self-Assessment
Gibson, Dunn & Crutcher LLP;Self-Assessment
GIGYA, INC.;Self-Assessment
Gilead Sciences;Outside Compliance Review
Gimbal, Inc.;TRUSTe
GISTnet;Self-Assessment
GitHub, Inc.;Self-Assessment
Giva;Self-Assessment
Glance;Self-Assessment
Glint Inc.;TRUSTe
Global Data Consortium;Self-Assessment
Global Incentive Solutions, LLC;Self-Assessment
Global Investigative Services, Inc.;Self-Assessment
Global Mobility Solutions;TRUSTe
Global Outsource Services, LLC;Self-Assessment
Global Power Equipment Group Inc;Self-Assessment
Global Safety Textiles LLC;Self-Assessment
Global Specimen Solutions;Self-Assessment
Global-E;Self-Assessment
Global-Z International, Inc.;Self-Assessment
GlobeTax;Self-Assessment
Globoforce Inc.;Self-Assessment
GMR Marketing LLC;Self-Assessment
Go Daddy Operating Company, LLC;TRUSTe
Godfrey;TRUSTe
GoodData Corporation;TRUSTe
Google Inc.;Self-Assessment
GoPro, Inc.;Self-Assessment
GoSpotCheck, Inc.;Self-Assessment
GotSoccer, LLC;Self-Assessment
GovDelivery;Self-Assessment
GPS Capital Markets, Inc.;Self-Assessment
GQueues LLC;TRUSTe
gr8 People, Inc.;TRUSTe
Graco Inc.;Self-Assessment
Gradescope;Self-Assessment
GradLeaders, LLC.;Self-Assessment
Graebel Companies, Inc.;TRUSTe
Grant Thornton LLP;Self-Assessment
Grasp Technologies;Self-Assessment
Gray Consulting Inc.;Self-Assessment
GreatHorn Inc.;TRUSTe
Greenphire Inc.;Self-Assessment
Greenwich Associates LLC;Self-Assessment
Grey Ghost Software, LLC;Self-Assessment
Greystar;Self-Assessment
Groove Labs Inc.;Self-Assessment
GroupSystems Inc, dba ThinkTank;Self-Assessment
GroupSystems Inc, dba ThinkTank;Self-Assessment
Growth Resources Inc;Self-Assessment
GruupMeet, Inc.;Self-Assessment
Guardian Analytics;Self-Assessment
Guidebook, Inc.;Self-Assessment
Guidewire Software;Outside Compliance Review
Gust, Inc.;TRUSTe
H2O Clinical, LLC;Self-Assessment
H5;Self-Assessment
Hall & Partners;Self-Assessment
Hansa GCR, LLC;Self-Assessment
Hapara Inc;Self-Assessment
Happyfication, Inc.;Self-Assessment
Hard Rock Cafe International (USA), Inc.;Outside Compliance Review
Harper Global;TRUSTe
HarQen;Self-Assessment
Harris Beach PLLC;TRUSTe
HaystackID;Self-Assessment
HBR Consulting;Self-Assessment
hc1.com Inc.;Self-Assessment
HCR Software Solutions Inc.;TRUSTe
Healogix, LLC;Self-Assessment
Health Fitness Corporation;Self-Assessment
HealthSmart Benefit Solutions, Inc.;Self-Assessment
Hearsay Social, Inc.;Self-Assessment
Heat Software USA Inc.;TRUSTe
Help Scout;Self-Assessment
Herman Miller, Inc;Self-Assessment
HeroX PBC;Self-Assessment
Herring Impact Group;Self-Assessment
Herrmann International;Self-Assessment
HEVC Advance;Self-Assessment
Hexaware Technologies Inc.;Self-Assessment
Hexcel Corporation;Self-Assessment
Hibbert Group;Self-Assessment
HighPoint Solutions, LLC;Self-Assessment
HIghRadius Corporation;Self-Assessment
Highrise HQ, LLC;Self-Assessment
Hightail, Inc.;TRUSTe
Highway905;TRUSTe
Highwinds;TRUSTe
Hill International, Inc.;Self-Assessment
Hiperos, LLC;TRUSTe
HireAbility.com;Self-Assessment
Hirebridge, LLC;Self-Assessment
Hireku, Inc. d/b/a Jazz;Self-Assessment
Hogan Assessment Systems, Inc.;Self-Assessment
Holden LLC;TRUSTe
Hoopla Software, Inc.;Self-Assessment
Horizon Pharma, Inc.;Self-Assessment
Host Analytics, Inc.;TRUSTe
Host Collective, Inc.;TRUSTe
Hosting Services Inc.;PrivacyTrust Privacy Shield Program
Hostway Services, Inc.;TRUSTe
HP Inc.;Self-Assessment
HR Acuity;Outside Compliance Review
HRCloud.com;TRUSTe
HRG North America;Self-Assessment
HSI USA Inc.;Self-Assessment
HT2 Labs;Self-Assessment
HubSpot, Inc.;TRUSTe
Huddle;Self-Assessment
Hudson Advisors L.P.;Self-Assessment
Human Care Systems;Self-Assessment
Human Design Medical, LLC;Self-Assessment
Human Synergistics, Inc.;Self-Assessment
Human Systems Development LLC;Self-Assessment
Humanity.com, Inc.;TRUSTe
Humantech;Self-Assessment
Humble Bundle, Inc.;Self-Assessment
Huntsman International LLC;Self-Assessment
Huron Consulting Group Inc.;Self-Assessment
Hyland Software, Inc.;Self-Assessment
HyTrust, Inc.;Self-Assessment
i-on interactive, inc;Self-Assessment
i-payout;Self-Assessment
i2c Inc.;Self-Assessment
i9 Advantage, LLC;Self-Assessment
IAC Publishing, LLC;Self-Assessment
iATS Payments;Self-Assessment
iBridge, LLC;Self-Assessment
iCardiac Technologies, Inc.;Self-Assessment
Icebreaker Nature Clothing Inc;TRUSTe
Icertis Inc;Self-Assessment
iCIMS, Inc.;TRUSTe
ICON Clinical Research LLC;Self-Assessment
Idea Crossing Inc d/b/a Skild;Self-Assessment
IdeaPoint Incorporated;TRUSTe
IdeaScale;TRUSTe
Identity Theft Guard Solutions, Inc. dba ID Experts;Self-Assessment
identitymind global inc;Self-Assessment
IdenTrust, Inc.;Self-Assessment
IDEXX Laboratories, Inc.;Self-Assessment
iGames, Inc.;Self-Assessment
Ignite Technologies, Inc.;Self-Assessment
IgnitionOne, Inc.;Self-Assessment
iland Internet Solutions;Self-Assessment
Illumina, Inc.;Self-Assessment
Illuminas Global;Self-Assessment
ilos Co.;Self-Assessment
Image Processing Systems;Self-Assessment
Image Relay;Self-Assessment
IMAYL, Inc;TRUSTe
Impartner;TRUSTe
Imply Data, inc.;Self-Assessment
IMS Health Incorporated;Self-Assessment
IMT;Self-Assessment
Inbenta;TRUSTe
INBOX25;Self-Assessment
INC Research LLC;Self-Assessment
Incsub, LLC;Self-Assessment
Incyte Corporation;Self-Assessment
Indeed Inc.;Self-Assessment
Independent Purchasing Cooperative, Inc.;Self-Assessment
Indiegogo;Self-Assessment
Industrial Scientific Corporation;TRUSTe
Ineo, LLC;Self-Assessment
InetServices, LLC;Self-Assessment
Infinata, Inc.;Self-Assessment
Inflection Risk Solutions, LLC;Outside Compliance Review
Inflectra Corporation;Self-Assessment
Info Cubic LLC;Self-Assessment
Infocore, Inc.;Self-Assessment
Infogroup;Self-Assessment
Infor;TRUSTe
Informatica LLC;Self-Assessment
Information Network Associaties, Inc;Self-Assessment
InforMed Direct Inc;Self-Assessment
Infostretch Corporation;Self-Assessment
Infratects, LLC.;Self-Assessment
Ingersoll Rand;Self-Assessment
InGo, Inc;Self-Assessment
inhouse mobility gmbh;Self-Assessment
Inmar;Self-Assessment
InMoment, Inc.;Self-Assessment
Innodata Inc.;Self-Assessment
InnovoCommerce, LLC;TRUSTe
inRESONANCE Inc.;Self-Assessment
Inscape Publishing, LLC, a subsidiary of John Wiley & Sons, Inc (Wiley);TRUSTe
InsideSales.com;Self-Assessment
Insight Enterprises, Inc.;Self-Assessment
Insightly;Self-Assessment
InsightSquared;Self-Assessment
Inspirus;Self-Assessment
Institute for Healthcare Optimization;Self-Assessment
Insurance Services Office, Inc.;Self-Assessment
Intacct;TRUSTe
Integra LifeSciences Corporation;Self-Assessment
Integrate;Self-Assessment
Integrated Database Systems;TRUSTe
Integrated Merchandising Systems, LLC;Self-Assessment
Integreon Managed Solutions, Inc.;Self-Assessment
Inteliquent, Inc;TRUSTe
IntellectSpace Corp;Self-Assessment
IntelliCorp Records, Inc.;Self-Assessment
Intellum, Inc.;Self-Assessment
Intent Media, Inc.;Self-Assessment
Interactive Intelligence;Self-Assessment
Intercept Pharmaceuticals, Inc.;Self-Assessment
InterCom;Self-Assessment
Intercom, Inc.;Self-Assessment
Interconex, Inc.;Self-Assessment
Interfolio, Inc.;Self-Assessment
Intermedia.net, Inc.;Self-Assessment
Intermedix Corporation;Self-Assessment
International Business Machines Corporation (IBM);Self-Assessment
International Institute for Learning;Self-Assessment
International Scholarship and Tuition Services;Self-Assessment
International Screening Solutions, Inc.;Self-Assessment
Interrail, LLC;Self-Assessment
Inteva Products LLC;Self-Assessment
Intraboom, Inc.;Self-Assessment
INTRALINKS, INC;Self-Assessment
Intrepid Learning, Inc.;Self-Assessment
Introhive Inc.;TRUSTe
Intuit;TRUSTe
Invacare Corporation;TRUSTe
Invaluable, LLC;Self-Assessment
Investopedia LLC;Self-Assessment
Invivoscribe Technologies;Self-Assessment
Invoca, Inc.;TRUSTe
iOffer, Inc.;Self-Assessment
Ionic Security Inc.;Self-Assessment
IPsoft;Self-Assessment
iQ Media Group Inc.;Self-Assessment
IQNavigator, Inc.;Self-Assessment
Irdeto USA, Inc.;TRUSTe
Iron Mountain;Self-Assessment
ISN Software Corporation;Self-Assessment
ISO Claims Partners, Inc.;Self-Assessment
ISO Claims Services, Inc.;Self-Assessment
Isomics, Inc.;Self-Assessment
ITAP Americas Inc.;Self-Assessment
Itemize corp;Self-Assessment
Iterable, Inc.;Self-Assessment
ITN International, Inc.;Self-Assessment
Itron, Inc.;Self-Assessment
ITT Inc.;Self-Assessment
J. Crew Group, Inc.;Self-Assessment
J. Spargo and Associates, Inc.;Self-Assessment
Jacobson Consulting Applications, Inc.;Self-Assessment
Jagged Peak, Inc.;Self-Assessment
Jama Software;TRUSTe
JAMF Software, LLC;Self-Assessment
JAMS;Self-Assessment
Janrain, Inc.;TRUSTe
Javelin Direct;Self-Assessment
Jazz Pharmaceuticals Inc.;TRUSTe
JCAP Holdings, LLC;Self-Assessment
Jellyfish Online Marketing US Ltd.;Self-Assessment
Jibe, Inc.;TRUSTe
Jiff, Inc.;TRUSTe
Jive Software, Inc.;TRUSTe
JMM Software Labs, Inc.;Self-Assessment
JobScore, Inc.;Self-Assessment
Jobvite;Self-Assessment
Journyx, Inc.;Self-Assessment
JRock Consulting;Self-Assessment
JTC Technologies, LLC;Self-Assessment
July Systems, Inc.;Self-Assessment
Juridiko Corporation;Self-Assessment
Justifacts Credential Verification, Inc;Self-Assessment
K2 Sports (K-2 Corporation).;Self-Assessment
Kahua;Self-Assessment
Kahuna, Inc;TRUSTe
Kaltura, Inc.;Self-Assessment
Kanjoya;Outside Compliance Review
Karcher North America;Self-Assessment
Karyopharm Therapeutics Inc.;Self-Assessment
Keeper Security, Inc.;TRUSTe
Keller Williams Realty, Inc.;Self-Assessment
Kelly Services, Inc;Self-Assessment
Kenshoo;Self-Assessment
Kibo;Self-Assessment
Kickbox, Inc.;Self-Assessment
Kid & Coe;Self-Assessment
Kimball Electronics;Self-Assessment
Kinetica DB, Inc.;Self-Assessment
Kingland Systems Corporation;Self-Assessment
Kingsley Associates;Self-Assessment
Kingston Technology Company, Inc.;Self-Assessment
Kiran Analytics, Inc.;Self-Assessment
Knowledge Factor Inc.;Outside Compliance Review
KnowledgeTree;Self-Assessment
Koble Inc.;Self-Assessment
Kobre & Kim;TRUSTe
Kochava Inc.;Self-Assessment
Kodak Alaris;Self-Assessment
Kognitio Inc.;TRUSTe
Kollective Technology, Inc.;TRUSTe
Koneksa Health;Self-Assessment
Kount Inc;Self-Assessment
KPMG LLP;Self-Assessment
Kratos Defense & Security Solutions, Inc.;Self-Assessment
Kreller Group Inc;Self-Assessment
KrolLDiscovery;Self-Assessment
Kronos Incorporated;Self-Assessment
Krux Digital Inc.;Self-Assessment
Kumu Inc.;Self-Assessment
Kurtosys Systems Inc;Self-Assessment
Labnook Inc;Self-Assessment
Laird Technologies, Inc;Self-Assessment
Landmark Worldwide LLC;Self-Assessment
Language Line Services, Inc.;Self-Assessment
Laserbeam Software;Self-Assessment
Latitude Labs, LLC;Self-Assessment
Lattice Engines;TRUSTe
Laundry Locker;Self-Assessment
Layer, Inc;Self-Assessment
LeadGnome;Self-Assessment
Leading Indicator Systems;Self-Assessment
Leadspace Inc;Self-Assessment
Leadwire, Inc;Self-Assessment
Leaf Group Ltd.;Self-Assessment
Leanplum, Inc.;Self-Assessment
Learning Machine;Self-Assessment
LearningBridge;Self-Assessment
LeaseAccelerator Services;Self-Assessment
LeaseTeam, Inc.;Self-Assessment
Lecorpio;Self-Assessment
LectureLinx, Inc.;Self-Assessment
Lee Hecht Harrison LLC;Self-Assessment
LegalUP;Self-Assessment
LegalZoom;TRUSTe
Leggett & Platt, Incorporated;Outside Compliance Review
Lending Stream LLC;Self-Assessment
Less Annoying CRM;Self-Assessment
Lessonly;Self-Assessment
Levi, Ray & Shoup, Inc.;Self-Assessment
Lexia Learning Systems LLC;TRUSTe
Lexicon Relocation, LLC;TRUSTe
LI-COR, Inc;Self-Assessment
Liaison Technologies;Self-Assessment
Lidl US, LLC;TRUSTe
Lieberman Research Worldwide, LLC;Self-Assessment
Liferay, Inc.;TRUSTe
Lifesize;Self-Assessment
Lift Brands, Inc.;Self-Assessment
Liftoff Mobile, Inc.;TRUSTe
Liftopia;TRUSTe
Lighthouse Document Technologies, Inc.;Self-Assessment
Lighthouse Services, Inc.;Self-Assessment
Lightspeed Systems;Self-Assessment
Linguamatics Solutions Inc.;Self-Assessment
Linkfire Inc.;Self-Assessment
Livegenic Inc;Self-Assessment
LivePerson, Inc.;Self-Assessment
Lockheed Martin Corporation;Self-Assessment
LockPath, Inc.;Self-Assessment
Logicalis Inc;Self-Assessment
LogRhythm, Inc.;TRUSTe
Lone Star Global Acquisitions, LLC;Self-Assessment
LongTail Ad Solutions, Inc., dba JW Player;Self-Assessment
Lookbooks Media, Inc.;Self-Assessment
Lookout Inc.;Self-Assessment
Loop Works;Outside Compliance Review
Lotame Solutions, Inc.;Self-Assessment
LRN Corporation;Outside Compliance Review
LSC Communications;Self-Assessment
Lucidity Research, LLC;Self-Assessment
Lume;Self-Assessment
Lumen21, Inc.;Self-Assessment
Lumos Labs, Inc.;TRUSTe
Lux Scientiae, Incorporated;TRUSTe
Lytics;Self-Assessment
M2 Payment Solutions Inc;Self-Assessment
M3 USA;Self-Assessment
Machina;Self-Assessment
Magnifi Group;Self-Assessment
Mail2World;TRUSTe
Mailgun LLC;TRUSTe
Makesbridge;Self-Assessment
Makrocare;Self-Assessment
Malwarebytes Inc.;Self-Assessment
Managed.com;TRUSTe
Management Controls, Inc.;Self-Assessment
Management Mentors, Inc.;TRUSTe
Mango Technologies, Inc.;Self-Assessment
Manzama;Self-Assessment
Mapbox, Inc.;Self-Assessment
Mapi USA, Inc.;Self-Assessment
Marchex, Inc.;Outside Compliance Review
Marden-Kane Inc;Self-Assessment
Maritz Holdings Inc.;Self-Assessment
MaritzCX Holdings LLC;Self-Assessment
Mark Business Intelligence Systems LLC;Self-Assessment
Market Certitude, L.L.C.;Self-Assessment
Market Force Information Inc;Self-Assessment
Market Strategies International;Self-Assessment
Marketing Engines Inc;Self-Assessment
Marketo, Inc.;Self-Assessment
MarketStar Corporation;Self-Assessment
MarketVision Research;Self-Assessment
Markit North America Inc. and all of its US based subsidiaries under the Markit,;Self-Assessment
Mary Kay Inc.;Self-Assessment
Maseke, Inc.;Self-Assessment
Masimo Corporation;Self-Assessment
Mather Economics;Self-Assessment
MaxMind, Inc.;Self-Assessment
McDonnell Boehnen Hulbert & Berghoff LLP;Self-Assessment
McKesson Corporation;Self-Assessment
McKesson Technologies, Inc.;Self-Assessment
MDDX, LLC;Self-Assessment
MDSL;Self-Assessment
Measurabl;Self-Assessment
MedAvante, Inc.;TRUSTe
MedCare International Inc;Self-Assessment
Medelis, Inc.;Self-Assessment
Medgate America Corp.;Self-Assessment
MediaMath, Inc.;Self-Assessment
Medidata Solutions, Inc.;Self-Assessment
MediGuide Insurance Services International LLC;Self-Assessment
MediGuide International LLC;Self-Assessment
Mediprocity Inc.;Self-Assessment
MEDITERRANEAN WELLNESS, LLC;Self-Assessment
Medmeme LLC;Self-Assessment
MedNet Solutions, INC;Self-Assessment
Medpace, Inc.;Self-Assessment
MedPro Systems LLC;Self-Assessment
Medrio, Inc.;Self-Assessment
Medtep Inc.;TRUSTe
MedTrak, Inc.;Self-Assessment
Meeting Technology Group, Inc.;Self-Assessment
Meetings & Incentives Worldwide, Inc.;Self-Assessment
Meissner Filtration Products, Inc.;Self-Assessment
Mentor Graphics Corporation;Self-Assessment
MentorcliQ, Inc.;Outside Compliance Review
Merck & Co., Inc.;TRUSTe
Merge eClinical;Self-Assessment
Merge Healthcare Solutions Incorporated;TRUSTe
Meritor, Inc.;Self-Assessment
Merrill Corporation;Self-Assessment
Message Systems, Inc. (dba SparkPost);Self-Assessment
MessageOne, Inc.;Self-Assessment
Meta SaaS, Inc.;Self-Assessment
Metricstream, Inc.;Self-Assessment
Metrus Group, Inc.;Self-Assessment
mGage LLC;Self-Assessment
Micron Technology, Inc.;Self-Assessment
Microsoft Corporation;Self-Assessment
MicroStrategy Incorporated;Self-Assessment
Microsystems;Self-Assessment
Milliman, Inc.;Self-Assessment
Millisecond Software, LLC;Self-Assessment
Mind Your Business, Inc.;Self-Assessment
MINDBODY, Inc.;TRUSTe
MindMatters Technologies, Inc.;Self-Assessment
MindTouch;Self-Assessment
MIR3 An ECN Company;Self-Assessment
MissionMode Solutions, Inc;Self-Assessment
MiTek Industries, Inc.;TRUSTe
Mixpanel, Inc.;TRUSTe
MMIS, Inc.;Self-Assessment
MMRG;Self-Assessment
MOBI Wireless Management, LLC;TRUSTe
MobileIron, Inc.;Self-Assessment
Mobiquity Inc.;Self-Assessment
MobiWork LLC;Self-Assessment
Mochahost;Self-Assessment
ModernThink LLC;Self-Assessment
ModSquad, Inc.;Self-Assessment
Modus Group LLC;Self-Assessment
ModusLink Global Solutions , Inc.;Self-Assessment
MoEngage, Inc.;Self-Assessment
Monaeo, Inc;Self-Assessment
Monetate, Inc.;Self-Assessment
MongoDB, Inc.;Self-Assessment
Monoprice, Inc.;Self-Assessment
Monster Worldwide, Inc.;TRUSTe
Montage Talent, Inc.;Self-Assessment
Moog Inc.;Self-Assessment
MoPub, Inc.;Self-Assessment
Morningside Translations, Inc.;Self-Assessment
Morpace Inc;Self-Assessment
Motentia, LLC;Outside Compliance Review
MotionPoint Corporation;Self-Assessment
Motivation Science, Inc;Self-Assessment
Movable, Inc.;Self-Assessment
MovieTickets.com, Inc.;Self-Assessment
MPAA;Self-Assessment
mParticle;Self-Assessment
MS SHIFT, INC.;Self-Assessment
MSI International East Inc.;Self-Assessment
MSIGHTS Inc;TRUSTe
MSR Customs Corporation;Self-Assessment
MSR Group Inc dba Infinix Global Meetings & Events Inc/Rx Worldwide Meetings Inc;Self-Assessment
MTFX USA Inc.;Self-Assessment
MUMEBO INC.;Self-Assessment
Munroe Sutton;Self-Assessment
MusicHype Inc;Self-Assessment
mxHero, Inc.;Self-Assessment
MyComplianceOffice (TerraNua);Outside Compliance Review
MyJobHelper.com;TRUSTe
Mylan Inc.;Self-Assessment
Mytrus, Inc.;Self-Assessment
MyWebGrocer, Inc.;Self-Assessment
Mzinga;Self-Assessment
National Business Research Institute, Inc.;Self-Assessment
National Instruments;Self-Assessment
NationBuilder;Self-Assessment
NAVEX Global, Inc.;TRUSTe
Navigant Consulting, Inc.;Self-Assessment
NAXION;Self-Assessment
NBTY, Inc.;TRUSTe
NCS Pearson, Inc.;Self-Assessment
NCT Holdings, Inc.;Self-Assessment
Nearpod Inc.;Self-Assessment
NEI Global Relocation;Self-Assessment
Net-Results;Self-Assessment
NetBrain Technologies, Inc.;Self-Assessment
Netcracker Technology Corporation;Self-Assessment
NetForce Global;Self-Assessment
NetPop Research, LLC;Self-Assessment
NetRoadshow;Self-Assessment
Netskope, Inc.;TRUSTe
NetSuite Inc.;Self-Assessment
NetVoyage Corporation dba NetDocuments;Self-Assessment
NetWatcher;Self-Assessment
Neustar, Inc.;TRUSTe
New Context Services, Inc.;Self-Assessment
New Horizons Computer Learning Centers, Inc.;Self-Assessment
New Life Solution;Self-Assessment
New Relic;Self-Assessment
Newforma, Inc.;Self-Assessment
Newgistics;TRUSTe
Newton Consulting, LLC;Self-Assessment
Newton Software;Self-Assessment
Nexeo Solutions, Inc.;Self-Assessment
NEXT BEE CORPORATION;TRUSTe
Nexteer Automotive Corporation;TRUSTe
Nexus Direct;Self-Assessment
NGC;Self-Assessment
NGP VAN;Self-Assessment
NICE Systems Ltd.;Self-Assessment
NIIT USA Inc;Self-Assessment
Nimble, Inc.;TRUSTe
Nordson Corporation;Self-Assessment
Northrop Grumman Corporation;Self-Assessment
Nova Credit Inc.;Self-Assessment
Novella Clinical LLC;Self-Assessment
NuCompass Mobility Services Inc.;TRUSTe
NxStage Medical, Inc.;Self-Assessment
O2C PRO, LLC;Self-Assessment
Oakwood Worldwide;Self-Assessment
Objective Management Group, Inc.;Self-Assessment
OC Tanner;Self-Assessment
OfficeWork Software;Self-Assessment
Olark;Self-Assessment
Omega World Travel;Self-Assessment
Omnicom Group Inc.;Self-Assessment
Omnicom Media Group Holdings Inc.;Self-Assessment
ON24;Self-Assessment
OneLogin, Inc.;Outside Compliance Review
OneNeck IT Solutions;Self-Assessment
OnePIN, Inc.;TRUSTe
OneStream Software LLC;Self-Assessment
OneTrust, LLC;Self-Assessment
Onit, Inc.;Self-Assessment
Online Business Applications, Inc;Self-Assessment
Online Tech, LLC;TRUSTe
Onramp Access, LLC;Self-Assessment
Opal Labs Inc;Self-Assessment
OpenFin Inc;Self-Assessment
OpenSesame Inc.;Self-Assessment
OpenX;Self-Assessment
Opera Mediaworks, Inc.;Self-Assessment
Optimizely, Inc.;TRUSTe
Oracle America, Inc.;TRUSTe
Orange Tree Employment Screening, LLC;Self-Assessment
Orbit Treasury Solutions, Inc.;Self-Assessment
Orbitera;Self-Assessment
Organizer Inc.;Self-Assessment
OrgVitality, LLC;Self-Assessment
Origami Logic;TRUSTe
Origami Risk;Self-Assessment
Orion Mobility LLC;Self-Assessment
Ortho Clinical Diagnostics Inc;TRUSTe
OSI Systems, Inc;Self-Assessment
Osprey Compliance Software, LLC;Self-Assessment
Osprey Security;Self-Assessment
Otsuka Pharmaceutical Development & Commercialization, Inc.;Self-Assessment
Otter Products, LLC;TRUSTe
Outcome Chains, Inc.;Self-Assessment
Outer Limits Technology, Inc., (dba) ATS OnDemand;TRUSTe
Outreach;TRUSTe
Outscale, Inc;Self-Assessment
Ovation Travel Group, Inc.;Self-Assessment
Overseas Military Sales Group;Self-Assessment
Oversight Systems, Inc.;Self-Assessment
Overstock.com, Inc.;Self-Assessment
Owens OnLine, Inc.;Self-Assessment
OwnLocal;Self-Assessment
P3 Inc. (DBA) Pereless Systems;TRUSTe
Pacific Digital Industries, Inc. / SweepstakesPros;Self-Assessment
Pacific Metrics Corporation;Self-Assessment
PacificEast Research Inc;Self-Assessment
pair Networks, Inc.;Self-Assessment
Panasonic Avionics Corporation;Self-Assessment
Pancake Laboratories Inc.;Self-Assessment
Pangeodata;Self-Assessment
Pantheon Systems, Inc.;Self-Assessment
Panther Software Inc.;Self-Assessment
Paragon Global Resources, Inc.;TRUSTe
Paramount Transportation Systems;Self-Assessment
PAREXEL International;Self-Assessment
PARInc;Self-Assessment
PASS Consulting Corp;Self-Assessment
Pathable;Self-Assessment
Pathfinder Software, LLC DBA CenterEdge Software;Self-Assessment
Pathway Forensics LLC;Self-Assessment
PatientStar, LLC;Self-Assessment
Patron Technology, LLC;TRUSTe
Paul Hastings LLP;Self-Assessment
Pay By Group Inc.;Self-Assessment
PaySimple, Inc.;Self-Assessment
Pazien, Inc.;Self-Assessment
PDS;TRUSTe
Peak 10, Inc.;Self-Assessment
Pegasystems Inc.;Self-Assessment
Pen Publishing Interactive, Inc.;Self-Assessment
Pendragon Software Corporation;Self-Assessment
PennWell Corporation;Self-Assessment
Pentaho Corporation;Self-Assessment
PeopleClues;TRUSTe
Peoplefluent, Inc.;TRUSTe
Peopletrail, LLC;TRUSTe
Perceptyx, Inc.;Self-Assessment
Percolate Industries, Inc.;TRUSTe
Perfect Commerce Holdings, LLC;Self-Assessment
Perfect World Entertainment;TRUSTe
Perfecto;TRUSTe
Performance Assessment Network, Inc.;Self-Assessment
Performance Solutions Technology LLC;Self-Assessment
Performax Inc.;Self-Assessment
Perks.com;Self-Assessment
Persona Global, Inc.;Self-Assessment
Peruvian Connection;Self-Assessment
PGA TOUR;TRUSTe
Pharm-Olam International;Self-Assessment
PhishLine, LLC;TRUSTe
Phoenix Marketing International;Self-Assessment
Phoenix Worldwide Screening;Self-Assessment
Phunware;Self-Assessment
Pierry, Inc.;PrivacyTrust Privacy Shield Program
Pilgrim Quality Solutions;Outside Compliance Review
Ping Identity Corporation;Self-Assessment
Pinkerton Consulting & Investigations, Inc.;Self-Assessment
Pinnaca;Self-Assessment
Pinnacle 21, LLC;Self-Assessment
Pinsight;Self-Assessment
Pipl, Inc.;Self-Assessment
Pitney Bowes Inc.;Self-Assessment
Pixel Press Technology, LLC;Self-Assessment
PLACECAST;Self-Assessment
PlanBase Inc.;Self-Assessment
Planet Data Solutions, Inc.;Self-Assessment
PlanetEcosystems;Self-Assessment
Planview;Self-Assessment
Platinum Intelligent Data Solutions;Self-Assessment
Plato Labs, Inc.;Self-Assessment
PLAYER MAP;Self-Assessment
Plex Systems, Inc.;TRUSTe
PLEXHOSTED LLC;Self-Assessment
Plexus Global LLC;Self-Assessment
Pluralsight, LLC;Self-Assessment
Plus Relocation;TRUSTe
PMWeb, Inc.;Self-Assessment
Podomatic, Inc.;Self-Assessment
Polaris Global Mobility;Self-Assessment
Polaris Management Partners, LLC;Self-Assessment
Polaris Solutions, LLC;Self-Assessment
PoliteMail Software;Self-Assessment
Poll Everywhere, Inc.;Self-Assessment
Polsinelli PC, Polsinelli LLP in California (“Polsinelli”);Self-Assessment
Polypore International, LP;Self-Assessment
Pomeroy IT Solutions Sales Company, Inc.;Self-Assessment
Ponder Pro Serve, Inc.;Self-Assessment
POP, Inc;Outside Compliance Review
Porter Novelli;Self-Assessment
Porzio Life Sciences, LLC;Self-Assessment
Porzio, Bromberg & Newman, PC;Self-Assessment
PostUp Digital LLC;Self-Assessment
PowerReviews, Inc.;Self-Assessment
PowerSchool Group LLC;Self-Assessment
Precision Dialogue Marketing, LLC.;Self-Assessment
Precision Medicine Group, Inc.;Self-Assessment
Precision Sample, LLC;Self-Assessment
Predictive Response;TRUSTe
Prefinery;Self-Assessment
Prehire, Inc;Self-Assessment
Premier Research International LLC;Self-Assessment
Preparis, Inc.;Self-Assessment
Pressed;Self-Assessment
PRGX USA, Inc.;Self-Assessment
PrimeRevenue, Inc.;Self-Assessment
PRO Unlimited, inc.;Self-Assessment
Proactive Technology Systems, LLC;Self-Assessment
Procore;TRUSTe
ProctorU Inc.;TRUSTe
ProductBoard, Inc.;Self-Assessment
ProductPlan;Self-Assessment
Produx Labs Inc;Self-Assessment
Professional Advertising Systems Inc;Self-Assessment
Professional Flight Management, Inc;Self-Assessment
Profiles international, LLC, a subsidiary of John Wiley & Sons, Inc (Wiley);TRUSTe
Proforma Screening Solutions, LLC.;Self-Assessment
ProHockeyIQ, Inc.;Self-Assessment
Project Eve LLC;Self-Assessment
Projector PSA, Inc.;Self-Assessment
Prolifiq Software;Self-Assessment
Promega Corporation;Self-Assessment
Prometric Inc.;Self-Assessment
Prominic.NET, Inc.;Self-Assessment
Promontory Financial Group, LLC;TRUSTe
Promoter.io, Inc.;Self-Assessment
Proofpoint, Inc.;TRUSTe
Propeller Health;Self-Assessment
ProSearch Strategies, Inc.;Self-Assessment
ProsperWorks;TRUSTe
ProtectWise, Inc.;Self-Assessment
Protiviti Inc.;Self-Assessment
Provade, Inc.;Self-Assessment
Proxibid Inc;Outside Compliance Review
PTI Marketing Technologies,Inc;TRUSTe
PubMatic, Inc.;TRUSTe
PubNub, Inc.;Self-Assessment
PullString, Inc.;Self-Assessment
Pulse Secure, LLC;TRUSTe
PureWorks, Inc.;Self-Assessment
Q-DAS Incorporated;Self-Assessment
QAD Inc.;Self-Assessment
Qardio, Inc.;Self-Assessment
QDiligence, LLC;Self-Assessment
QLess, Inc.;Self-Assessment
Qstream;Self-Assessment
QTS;Self-Assessment
Qualaroo LLC;Self-Assessment
Qualtrics, LLC;Self-Assessment
Qualys;TRUSTe
QuantFinSoft, Inc.;Self-Assessment
Quantum Corporation;Self-Assessment
Quantum Metric;Self-Assessment
Quantum Workplace;Self-Assessment
Qubit Inc;Self-Assessment
Questionmark Corporation;Self-Assessment
Queue in the Cloud LLC;Self-Assessment
QuickMAR;Self-Assessment
Quintiles Inc.;Self-Assessment
Quizlet;TRUSTe
Quote Roller Inc. DBA PandaDoc;Self-Assessment
Qvidian Corporation;Self-Assessment
qwikLABS Inc.;Self-Assessment
R.J. Berrier (d.b.a. Spring International);TRUSTe
Rackspace US, Inc.;TRUSTe
RADAR, Inc.;Self-Assessment
Radial Commerce, Inc.;TRUSTe
RadiumOne, Inc.;TRUSTe
RadiusPoint;Self-Assessment
RagingWire Data Centers Inc;Self-Assessment
RainKing Software;Self-Assessment
Ralph Lauren Corporation;Self-Assessment
Rapid7, Inc.;TRUSTe
RAPP Worldwide;Self-Assessment
Raptor Sports Holdings, Inc.;TRUSTe
Raytheon Company;Self-Assessment
ReachForce, Inc.;Self-Assessment
ReachMail Inc.;Self-Assessment
Readex Research;Self-Assessment
RealPage, Inc.;Self-Assessment
Reckitt Benkiser LLC;Self-Assessment
RecogNation LLC;Self-Assessment
RecoverMe Medical Solutions, Inc.;Self-Assessment
Recovery Point Systems;Self-Assessment
RecoveryPlanner;TRUSTe
Recruit Tracker Inc. dba HIRABL;Self-Assessment
RECSOLU, Inc., DBA Yello;Self-Assessment
Recurly, Inc.;Outside Compliance Review
Red Flag Reporting;Self-Assessment
Red Hat, Inc.;Self-Assessment
Redacted, Inc.;Self-Assessment
RedBrick Health, Inc;TRUSTe
RedCAT Systems, LLC;Self-Assessment
Reddit, Inc.;Self-Assessment
Redsky Mobility Solutions LLC;Self-Assessment
RedSource Interactive, LLC;Self-Assessment
Reflexis Systems, Inc.;Self-Assessment
Regulatory & Clinical Research Institute Inc;Self-Assessment
Regulatory DataCorp, Inc.;Self-Assessment
Relayware;Self-Assessment
Relocation Management Resources, Inc.;Self-Assessment
Reltio;TRUSTe
RELX Group;Self-Assessment
Renaissance Learning, Inc.;Self-Assessment
Reppify;Self-Assessment
RES Software;Self-Assessment
Research Associates, Inc.;Self-Assessment
Research Now;Self-Assessment
ResearchMetrics;Self-Assessment
Resilinc;Self-Assessment
Retail Solutions Inc.;TRUSTe
RetailNext;Self-Assessment
Return Path, Inc.;TRUSTe
Reval.com;Outside Compliance Review
Revegy, Inc.;TRUSTe
RevPAR Collective, Inc.;TRUSTe
Revulytics, Inc;TRUSTe
RGIS, LLC;TRUSTe
RichRelevance, Inc.;TRUSTe
Rightside Group Ltd;Self-Assessment
Rim Tec Inc.;Self-Assessment
Rimeto LLC;Self-Assessment
Rimini Street, Inc.;TRUSTe
Ringgold Inc.;Self-Assessment
Ripple Science Corporation;Self-Assessment
Rivermark, LLC;Self-Assessment
RiverStar;Self-Assessment
RMI Laboratories.com;Self-Assessment
ROAR, LLC;Self-Assessment
Robin Powered, Inc.;Self-Assessment
Rockbridge Associates, Inc.;Self-Assessment
Rocket Fuel Inc.;Self-Assessment
RocketBlocks;Self-Assessment
RockYou, Inc.;TRUSTe
Rollbar;Self-Assessment
Roost Inc.;TRUSTe
Rosetta Stone Ltd.;Self-Assessment
RPX Corporation;Self-Assessment
rsvpBOOK.com LLC;Self-Assessment
Rustici Software;Self-Assessment
RustyBrick, Inc.;Self-Assessment
RVM Enterprises, Inc;TRUSTe
RW3 LLC;Self-Assessment
Ryousha Kokusai, LLC. d/b/a pair International;Self-Assessment
Saba Software, Inc.;TRUSTe
Safe Banking Systems Software LLC;Self-Assessment
Safe Passage International Inc.;Self-Assessment
SAI;TRUSTe
Sailthru, Inc.;Self-Assessment
Salesforce;TRUSTe
Salesfusion, Inc.;TRUSTe
SalesHood Inc;Self-Assessment
SalesLoft, Inc.;Self-Assessment
Samanage;Self-Assessment
Sandstorm.io;Self-Assessment
SANS Institute;Self-Assessment
SAS Institute Inc.;TRUSTe
SATISFYD;Self-Assessment
Satmetrix systems inc;TRUSTe
SatuitTechnologies, Inc.;Self-Assessment
Saturn Corporation;Self-Assessment
SAVO Group;TRUSTe
saybubble, Inc.;Self-Assessment
ScheduleOnce LLC;Outside Compliance Review
Scherzer International;Self-Assessment
Schlesinger Associates;Self-Assessment
Science Exchange, Inc.;Self-Assessment
SciQuest;Self-Assessment
SCL Elections Ltd;Self-Assessment
Scopely;TRUSTe
Scout Exchange LLC;TRUSTe
ScoutRFP, Inc.;Self-Assessment
Screen6, Inc.;Self-Assessment
Scribe Software Corporation;Self-Assessment
SDL Inc;Self-Assessment
Seabury Group;Self-Assessment
SeatAdvisor Inc;Self-Assessment
Second Street;Self-Assessment
Secure Data Inc.;TRUSTe
Secure-24, LLC;Self-Assessment
SecureConsent LLC;Self-Assessment
SecureSheet Technologies, LLC;Self-Assessment
SecureVideo;Self-Assessment
Securimate, LLC;Self-Assessment
Seertech Solutions;TRUSTe
Seesaw Learning;Self-Assessment
Select Management Resources, LLC;Self-Assessment
Seminole Tribe of Florida Gaming;Outside Compliance Review
Send Word Now;Self-Assessment
Sendbloom;Self-Assessment
SendThisFile, Inc.;Self-Assessment
Sentinel Screening Inc. dba Sentinel Background Checks;Self-Assessment
SEQR Payments, Inc.;Self-Assessment
Sequencing.com;Self-Assessment
SERCEL;Self-Assessment
Serenova, LLC;TRUSTe
Serraview America Inc.;TRUSTe
Sertifi;Self-Assessment
ServiceNow, Inc.;Self-Assessment
ServiceRocket;TRUSTe
ServiceSource International, Inc.;Self-Assessment
SESAC, Inc.;Self-Assessment
Sevanta Systems Corporation;Self-Assessment
Seven Bridges;Self-Assessment
Shadowmatch USA;Self-Assessment
Sharethrough;Self-Assessment
SHC Universal;Self-Assessment
SheerID, Inc.;Self-Assessment
Shibumi;Self-Assessment
Shiseido Americas Corporation;Self-Assessment
Shopify;Self-Assessment
Shopmetrics, Inc.;Self-Assessment
Shubert Ticketing;Self-Assessment
Shutterstock, Inc.;Self-Assessment
SHYFT Analytics, Inc.;Self-Assessment
Sierra-Cedar, Inc.;Self-Assessment
Signiant Inc.;Outside Compliance Review
Signifyd;Self-Assessment
Silicon Laboratories Inc.;Self-Assessment
SilkRoad Technology;Self-Assessment
SimpleReach, Inc.;TRUSTe
Simpli.fi;TRUSTe
SingleHop LLC;Self-Assessment
Sirota Consulting LLC;Self-Assessment
SirsiDynix Corporation;TRUSTe
SiteLock, LLC;TRUSTe
Sizmek;Self-Assessment
SJV & Associates;Self-Assessment
Skuid, Inc.;Self-Assessment
Skydeo, Inc;Self-Assessment
Skyhigh Networks;TRUSTe
Skyhook;Self-Assessment
SkyKick;Self-Assessment
Skytap, Inc.;TRUSTe
Slack Technologies, Inc.;Outside Compliance Review
Smaato, Inc.;Self-Assessment
SmarterTools Inc;Self-Assessment
SmartFocus;Self-Assessment
SmartLead by AdTrack;Self-Assessment
Smartsheet Inc.;Self-Assessment
SmartStart Employment Screening, Inc.;Self-Assessment
SmashFly Technologies;Self-Assessment
SMC Corporation of America;TRUSTe
Snap Inc.;Self-Assessment
SnapApp;TRUSTe
SnapEngage, LLC;Self-Assessment
SnapLogic Inc;TRUSTe
Snaptrends;TRUSTe
Snow Companies;Self-Assessment
Social SafeGuard;Self-Assessment
Social Strata, Inc.;Self-Assessment
Socialtext, Inc;TRUSTe
Sococo, Inc.;Self-Assessment
Socure;Self-Assessment
Socure Inc.;Self-Assessment
SofterWare, Inc;Self-Assessment
Software AG USA, Inc.;Self-Assessment
Software Aspects, Inc. DBA Commerce Sync;Self-Assessment
SoGoSurvey;TRUSTe
SolarWorld Americas inc;Self-Assessment
Solemma LLC;Self-Assessment
Sonatype, Inc.;TRUSTe
Sonian;Self-Assessment
Sonic Foundry, Inc.;Self-Assessment
Sonobi, Inc.;Self-Assessment
SourceForge Media LLC;TRUSTe
Sovren Group, Inc;Self-Assessment
Spanning Cloud Apps, LLC;TRUSTe
Sparta Systems, Inc.;Self-Assessment
Spill Center, Inc.;Self-Assessment
SpiraLinks;Self-Assessment
SPK and Associates, LLC.;Self-Assessment
Splunk Inc.;Self-Assessment
SportyHQ;Self-Assessment
SpotMe;Self-Assessment
Spredfast, Inc.;Self-Assessment
Spreedly, Inc;Self-Assessment
SPRI Clinical Trials - Global, LLC;Self-Assessment
Spring Mobile Solutions Inc;TRUSTe
SpringCM;TRUSTe
SprinkleBit Holding, Inc.;Self-Assessment
Sprinklr, Inc.;Self-Assessment
Sprout Social;Self-Assessment
Square Enix, Inc.;Outside Compliance Review
Squarespace, Inc.;Self-Assessment
SquareTrade, Inc.;Self-Assessment
St. Jude Medical;Self-Assessment
Stabilitas;Self-Assessment
Stampin' Up! Inc.;Self-Assessment
Star Cloud Services;Self-Assessment
Star Compliance;Self-Assessment
Statistics & Data Corporation;Self-Assessment
STATS LLC;Self-Assessment
Steele CIS, LLC;Self-Assessment
Steele Compliance Solutions, Inc.;Self-Assessment
Stefanini, Inc.;Self-Assessment
Stella & Dot LLC;Self-Assessment
Sterling Talent Solutions;Self-Assessment
stickK.com, LLC;TRUSTe
Stitch, Inc;Self-Assessment
Stormpath, Inc.;Self-Assessment
Stovepipe Studios;Self-Assessment
Straight Shot Solutions, Inc. DBA iCapture;Self-Assessment
Straightline International;Self-Assessment
Strategic Legal Solutions;Self-Assessment
Strategic Systems Consulting, Inc. (dba eApps Hosting);Self-Assessment
Strativity Group, Inc.;Self-Assessment
Stratus Technologies, Inc.;Self-Assessment
Stroz Friedberg, LLC;Self-Assessment
SugarCRM Inc.;Self-Assessment
Summitas LLC;TRUSTe
Sumo Logic;TRUSTe
Sungard Availability Services LP;Self-Assessment
Super Evil Mega Corp.;TRUSTe
Supergiant Games, LLC;Self-Assessment
Superior Technology Solutions LLC;Outside Compliance Review
Supply Risk Solutions;Self-Assessment
Supportsync.com;Self-Assessment
SurfMerchants;Self-Assessment
Survata, Inc.;Self-Assessment
Survey Research Associates, Inc.;Self-Assessment
SurveyConnect, Inc.;Self-Assessment
SurveyMonkey Inc.;Outside Compliance Review
Surveypal;TRUSTe
Survox;Self-Assessment
Sutro Health Inc.;Self-Assessment
Swift Prepaid Solutions;Self-Assessment
Sykes Enterprises;Self-Assessment
Sylogent LLC;Self-Assessment
Symphony Communication Services, LLC;Outside Compliance Review
Symphony Talent, LLC;TRUSTe
Symplicity;Self-Assessment
Synack, Inc.;Self-Assessment
Synacor, Inc.;TRUSTe
Syncano Inc;Self-Assessment
Synchrogenix Information Strategies, LLC;Self-Assessment
Synchronous Technologies Inc DBA GreenRope;Self-Assessment
SyncOnSet Technologies;Self-Assessment
Syncplicity, LLC;TRUSTe
Synoptek, LLC;Self-Assessment
Sys-Tech Solutions, Inc. d/b/a Systech International;Self-Assessment
T&M Protection Resources, LLC;Self-Assessment
Tableau Software, Inc.;Self-Assessment
Tactivos, Inc. DBA MURAL;Self-Assessment
Taiho Oncology, Inc.;Self-Assessment
TalentDrive LLC;TRUSTe
TalentSky, Inc.;Self-Assessment
Talkdesk, Inc.;Self-Assessment
Talmetrix, Inc;Self-Assessment
TapClicks, Inc.;Self-Assessment
TapResearch;Self-Assessment
Target Training International, Ltd.;Self-Assessment
TaskRabbit, Inc.;Self-Assessment
TaskUs;Self-Assessment
Tasseologic;Self-Assessment
Tate & Lyle Americas LLC;Self-Assessment
Taulia Inc.;Self-Assessment
Tax Compliance, Inc.;Self-Assessment
TBWA Worldwide Inc.;Self-Assessment
TCN, Inc.;Self-Assessment
TDARX - NOCDOC;Self-Assessment
TE Connectivity;TRUSTe
Tealium, Inc.;Self-Assessment
TeamSupport;Self-Assessment
TeamWork Online LLC;Self-Assessment
Technology Spa, LLC;TRUSTe
Technomedia Talent Management Inc.;Outside Compliance Review
TechStyle, Inc.;Self-Assessment
TechTarget, Inc.;Self-Assessment
Tecplot, Inc.;Self-Assessment
Telefonica USA, Inc.;Self-Assessment
TeleMate.Net Software;Self-Assessment
TeleMessage;Self-Assessment
Telenav, Inc.;Self-Assessment
Telescope;Self-Assessment
Teletech;Self-Assessment
Telltale, Inc.;Self-Assessment
TELUS International;Self-Assessment
Tendril Networks, Inc.;Self-Assessment
Tenneco;Self-Assessment
Teradata Corporation;Self-Assessment
TERIS - Phoenix;Self-Assessment
Tervela, Inc.;Outside Compliance Review
Tesla Motors, Inc.;Self-Assessment
Test Organization;TRUSTe
Teva Pharmaceuticals USA, Inc.;Self-Assessment
The 2112 Group;Self-Assessment
The Anvil Group LLC;Self-Assessment
The Beanstalk Group, LLC;Self-Assessment
The Boeing Company;Self-Assessment
The Channel Company, LLC;Self-Assessment
The Cluen Corporation;Self-Assessment
The Debt Exchange, Inc.;Self-Assessment
The Emmes Corporation;Self-Assessment
The French's Food Company LLC;Self-Assessment
The Group for Organizational Effectiveness, Inc.;Self-Assessment
The Guestbook;Self-Assessment
The Helen Brown Group, LLC;Self-Assessment
The Hertz Corporation;Self-Assessment
The Juice Plus+ Company, LLC;Self-Assessment
The Leadership Circle, LLC;Outside Compliance Review
The Marketing Arm Inc.;Self-Assessment
The MathWorks, Inc.;Self-Assessment
The NoCheck Group, LLC;Self-Assessment
The Pharmaceutical Security Instititute, Inc.;Self-Assessment
The Planning Shop International;Self-Assessment
The Republic of Tea;Self-Assessment
The Rocket Science Group LLC d/b/a MailChimp;TRUSTe
The ServInt Corporation;Self-Assessment
The Suddath Companies and its U.S. subsidiaries;TRUSTe
The TKBH Company LLC;Self-Assessment
The Trade Desk, Inc.;Self-Assessment
The Vitality Group;Self-Assessment
TheMIGroup;Self-Assessment
Themis North America Inc;Self-Assessment
ThousandEyes;TRUSTe
ThreatMetrix, Inc.;Self-Assessment
ThreeWire, Inc.;Self-Assessment
Thrive TRM, LLC;Self-Assessment
TIBCO Software Inc.;Outside Compliance Review
TicketNetwork, Inc.;Self-Assessment
Tickets.com;Self-Assessment
TierPoint;Self-Assessment
Tiffany & Co.;Self-Assessment
Time Keeping Systems, Inc.;Self-Assessment
TimeTrade Systems Inc;Self-Assessment
TiVo Inc.;Self-Assessment
TMNA Services, LLC;Self-Assessment
TMP Worldwide Advertising & Communications, LLC;TRUSTe
TOK.tv;Self-Assessment
TokBox Inc;Self-Assessment
TokenEx;Self-Assessment
Toolbox Genomics;Self-Assessment
Toolbox Genomics, Inc.;Self-Assessment
Topaz International Ltd.;Self-Assessment
TopLine Communication LLC;Self-Assessment
TotalDiscovery;Self-Assessment
Totango Inc;TRUSTe
Touchcommerce;TRUSTe
Tourshae Music;Self-Assessment
TowerData;Self-Assessment
TQ CRM Systems, LLC;Self-Assessment
TRACE Inc.;Self-Assessment
TRACKVIA, INC.;TRUSTe
TRACOM Group;TRUSTe
Tradeshift, Inc;Self-Assessment
Trakstar;Self-Assessment
Transatlantic Translations Company LLC;Self-Assessment
Transmedia Storyteller Ltd;Self-Assessment
TransPerfect;Self-Assessment
Travel and Transport, Inc.;Self-Assessment
Travel Incorporated;Self-Assessment
Traxo, Inc.;Self-Assessment
TRC Global Mobility, Inc.;Self-Assessment
Treasure Data;Self-Assessment
TreeHouse Foods Inc.;Self-Assessment
Trek Bicycle Corporation;Self-Assessment
Trello, Inc.;PrivacyTrust Privacy Shield Program
TriCore Solutions LLC;Self-Assessment
TRIEVR Data Services, Inc.;Self-Assessment
Trifecta Multimedia DBA Trifecta Clinical;Self-Assessment
TriNet Group, Inc.;TRUSTe
TriNetX, Inc.;Self-Assessment
TRIPBAM Inc.;Self-Assessment
Trisept Solutions, LLC;Outside Compliance Review
Tritan Software Corporation;Self-Assessment
Trondent Development Corp.;TRUSTe
Trov Inc.;Self-Assessment
True Partners Consulting, LLC;Self-Assessment
TrueBlue, Inc.;Self-Assessment
TRUSTe;Self-Assessment
TrustedSec;Self-Assessment
Truth Technologies Inc;Self-Assessment
TSI USA, LLC;Self-Assessment
TUNE;Self-Assessment
Tungsten Network Inc;Self-Assessment
Turn Inc.;Self-Assessment
Turnitin, LLC;TRUSTe
turnkey Internet, Inc;Self-Assessment
TurnTo Networks;Self-Assessment
Twilio Inc.;Self-Assessment
Twin Particle, LLC d/b/a Gather Digital;Self-Assessment
Twitter;Self-Assessment
UDC, LLC;Self-Assessment
Ultimate Software Group, Inc.;Outside Compliance Review
Umbel Corporation;TRUSTe
Unacast, Inc.;Self-Assessment
Under Armour, Inc.;Self-Assessment
Unified Logic;Self-Assessment
Unify Square, Inc.;Self-Assessment
Unisys Corporation;Self-Assessment
United Therapeutics;Self-Assessment
UnitedLex Corporation;Self-Assessment
Universal Data Corporation;Self-Assessment
Univisor Ltd;Self-Assessment
Uptime.ly;Self-Assessment
Urbandoor Inc;Self-Assessment
US Background Screening, Inc.;Self-Assessment
US Internet Corp;Self-Assessment
User Replay Inc;Self-Assessment
User Testing, Inc.;Self-Assessment
UserVoice;Self-Assessment
UserZoom;TRUSTe
uShip;TRUSTe
UXPin, Inc.;Self-Assessment
V12 DATA;Self-Assessment
Validated Cloud Inc.;Self-Assessment
Valve Corporation;Self-Assessment
VanillaSoft, Inc.;Self-Assessment
Varian Medical Systems, Inc.;Self-Assessment
Varroc Lighting Systems;Self-Assessment
VBrick Systems, Inc.;Self-Assessment
VectorVest, Inc.;Self-Assessment
Veer West LLC;TRUSTe
Veeva Systems Inc.;TRUSTe
Velcro USA;TRUSTe
Vemo, Inc.;Self-Assessment
Venio LLC dba KEANE;Self-Assessment
VenPath Inc.;TRUSTe
Ventiv Technology, Inc.;TRUSTe
